name,latitude,longitude,speed_kmh,heading,status,last_update_utc,google_maps_pin
Bus 01,20.937593333333332,72.91148444444444,3.6,143,MOVING,2026-10-05T06:13:00Z,"https://www.google.com/maps/search/?api=1&query=20.937593333333332,72.91148444444444"
Bus 02,20.95024,72.92173777777778,2.8,267,MOVING,2026-10-05T06:12:57Z,"https://www.google.com/maps/search/?api=1&query=20.95024,72.92173777777778"
Bus 03,20.952262222222224,72.91151555555555,10.6,343,MOVING,2026-10-05T06:12:50Z,"https://www.google.com/maps/search/?api=1&query=20.952262222222224,72.91151555555555"
Bus 04,20.93674222222222,72.91507111111112,0.0,131,STOPPED,2026-10-05T06:12:53Z,"https://www.google.com/maps/search/?api=1&query=20.93674222222222,72.91507111111112"
Bus 05,20.900097777777777,72.91902222222222,11.9,357,MOVING,2026-10-05T06:12:52Z,"https://www.google.com/maps/search/?api=1&query=20.900097777777777,72.91902222222222"
Bus 06,20.84977111111111,72.91133777777777,0.0,320,STOPPED,2026-10-05T06:12:56Z,"https://www.google.com/maps/search/?api=1&query=20.84977111111111,72.91133777777777"
Bus 07,21.029593333333334,72.97114666666667,12.5,161,MOVING,2026-10-05T06:13:01Z,"https://www.google.com/maps/search/?api=1&query=21.029593333333334,72.97114666666667"
Bus 08,20.950435555555554,72.91382666666667,0.0,294,STOPPED,2026-10-05T06:01:39Z,"https://www.google.com/maps/search/?api=1&query=20.950435555555554,72.91382666666667"
Bus 09,20.946284444444444,72.96318666666667,8.6,280,MOVING,2026-10-05T06:12:52Z,"https://www.google.com/maps/search/?api=1&query=20.946284444444444,72.96318666666667"
Bus 10,20.920906666666667,73.0095911111111,10.6,108,MOVING,2026-10-05T06:12:58Z,"https://www.google.com/maps/search/?api=1&query=20.920906666666667,73.0095911111111"
Bus 11,20.949368888888888,72.91373333333334,0.0,205,STOPPED,2026-10-05T06:12:58Z,"https://www.google.com/maps/search/?api=1&query=20.949368888888888,72.91373333333334"
Bus 12,20.950455555555557,72.91388888888889,0.0,15,STOPPED,2026-10-05T05:56:40Z,"https://www.google.com/maps/search/?api=1&query=20.950455555555557,72.91388888888889"
Bus 13,20.95033777777778,72.91384,0.0,28,STOPPED,2026-10-05T05:11:30Z,"https://www.google.com/maps/search/?api=1&query=20.95033777777778,72.91384"
Bus 14,20.958391111111112,73.05950222222222,0.0,269,STOPPED,2026-10-05T06:13:00Z,"https://www.google.com/maps/search/?api=1&query=20.958391111111112,73.05950222222222"
Bus 15,20.95337333333333,72.92504,5.0,277,MOVING,2026-10-05T06:12:52Z,"https://www.google.com/maps/search/?api=1&query=20.95337333333333,72.92504"
Bus 16,20.949931111111113,72.93201333333333,0.0,97,STOPPED,2026-10-05T06:12:56Z,"https://www.google.com/maps/search/?api=1&query=20.949931111111113,72.93201333333333"
Bus 17,20.949922222222224,72.91713777777778,0.0,79,STOPPED,2026-10-05T06:12:55Z,"https://www.google.com/maps/search/?api=1&query=20.949922222222224,72.91713777777778"
Bus 18,20.949177777777777,72.91373333333334,0.0,191,STOPPED,2026-10-05T05:13:10Z,"https://www.google.com/maps/search/?api=1&query=20.949177777777777,72.91373333333334"
Bus 19,20.949202222222223,72.91375111111111,0.0,251,STOPPED,2026-10-05T04:59:42Z,"https://www.google.com/maps/search/?api=1&query=20.949202222222223,72.91375111111111"
Bus 20,20.94534,72.96674222222222,0.0,142,STOPPED,2026-10-05T06:12:35Z,"https://www.google.com/maps/search/?api=1&query=20.94534,72.96674222222222"
